gene_id	control_mean	treatment_mean
GENE001	120.0	170.0
GENE002	10.0	15.0
GENE003	95.0	81.0
GENE004	4.0	6.0
GENE005	180.0	260.0
GENE006	0.5	0.5
GENE007	130.0	230.0
GENE008	20.0	24.0
GENE009	90.0	112.0
GENE010	32.0	38.0
GENE011	80.0	70.0
GENE012	8.0	10.0
GENE013	250.0	350.0
GENE014	105.0	155.0
GENE015	1.0	1.2
GENE016	110.0	88.0
GENE017	12.0	16.0
GENE018	200.0	300.0
GENE019	55.0	65.0
GENE020	85.0	135.0
GENE021	150.0	200.0
GENE022	0.0	0.0
GENE023	160.0	220.0
GENE024	17.0	19.0
GENE025	100.0	130.0
GENE026	40.0	44.0
GENE027	78.0	86.0
GENE028	6.0	8.0
GENE029	175.0	235.0
GENE030	1.5	2.5
