gene_id	pathway	evidence
GENE001	signalling	curated
GENE002	regulation	predicted
GENE003	transport	curated
GENE004	regulation	predicted
GENE005	metabolism	curated
GENE006	unknown	predicted
GENE007	immune_response	curated
GENE008	regulation	predicted
GENE009	signalling	curated
GENE010	post_transcriptional	curated
GENE011	cell_structure	curated
GENE012	regulation	predicted
GENE013	metabolism	curated
GENE014	transcription	curated
GENE015	unknown	predicted
GENE016	chromatin	curated
GENE017	regulation	predicted
GENE018	signalling	curated
GENE019	transport	curated
GENE020	regulation	predicted
GENE021	metabolism	curated
GENE022	unknown	predicted
GENE023	immune_response	curated
GENE024	regulation	predicted
GENE025	signalling	curated
GENE026	post_transcriptional	curated
GENE027	cell_structure	curated
GENE028	regulation	predicted
GENE029	metabolism	curated
GENE030	unknown	predicted
