gene_id	symbol	chromosome	start	end	strand	biotype	gc_percent	mean_expression
GENE001	KIN1	chr1	1000	1899	+	protein_coding	52.1	145.0
GENE002	LNC1	chr1	2500	3299	-	lncRNA	44.8	12.5
GENE003	TRP1	chr2	10000	11499	+	protein_coding	48.3	88.0
GENE004	REG1	chr2	14000	15199	-	lncRNA	39.7	5.0
GENE005	ENZ1	chr3	21000	22899	+	protein_coding	63.2	220.0
GENE006	PSG1	chr3	26000	26749	-	pseudogene	41.0	0.5
GENE007	IMM1	chr7	30500	31999	+	protein_coding	55.5	180.0
GENE008	LNC2	chr7	33000	34249	-	lncRNA	46.0	22.0
GENE009	REC1	chr7	37000	38999	+	protein_coding	50.0	101.0
GENE010	MIR1	chr7	41000	41089	-	miRNA	48.0	35.0
GENE011	STR1	chr10	45000	46899	+	protein_coding	57.0	75.0
GENE012	LNC3	chr10	49000	50299	-	lncRNA	43.0	9.0
GENE013	MET1	chr10	53000	55499	+	protein_coding	61.0	300.0
GENE014	REG2	chrX	58000	59899	-	protein_coding	49.0	130.0
GENE015	PSG2	chrX	62000	62849	+	pseudogene	37.0	1.1
GENE016	CHR1	chr1	66000	67699	-	protein_coding	54.0	99.0
GENE017	LNC4	chr2	70000	71499	+	lncRNA	42.0	14.0
GENE018	KIN2	chr3	74000	75999	-	protein_coding	58.0	250.0
GENE019	TRP2	chr7	78000	79299	+	protein_coding	47.0	60.0
GENE020	REG3	chr7	82000	83899	-	lncRNA	45.0	110.0
GENE021	ENZ2	chr10	86000	88199	+	protein_coding	62.0	175.0
GENE022	PSG3	chr10	90000	90749	-	pseudogene	36.0	0.0
GENE023	IMM2	chrX	94000	95899	+	protein_coding	53.0	190.0
GENE024	LNC5	chrX	98000	99199	-	lncRNA	40.0	18.0
GENE025	REC2	chr2	102000	103799	+	protein_coding	51.0	115.0
GENE026	MIR2	chr3	106000	106089	-	miRNA	46.0	42.0
GENE027	STR2	chr7	110000	111699	+	protein_coding	56.0	82.0
GENE028	LNC6	chr10	114000	115399	-	lncRNA	44.0	7.0
GENE029	MET2	chr1	118000	120199	+	protein_coding	60.0	205.0
GENE030	PSG4	chrX	123000	123899	-	pseudogene	38.0	2.0
